,0,1,2,3,4,5,6,7,8,9,10,11,12,13,14,15,16,17,18,19,20,21,22,23,24,25,26,27,28,29,30,31,32,33,34,35,36,37,38,39,40,41,42,43,44,45
2,0.3161774309555967,0.25957863894547706,0.24885532571768332,0.281645482932919,0.31181735463781857,0.2706092849206587,0.25079240570411143,0.24533384456825458,0.1965856669207957,1.6973852910612176e-06,0.16076294277929162,0.12709832134292567,0.18196576239525974,0.1314612162072848,0.013928507968628656,0.05719718425470499,0.17114714195309721,0.13317794677484507,0.03819756819516029,0.019488902999555302,0.8463670882611978,0.00432014732861356,0.6831757956716963,1.3728905723812373e-07,0.07071440105401298,1.710498940961817e-08,5.038376408952754e-07,0.7076042957736463,0.3229166666666665,0.6112600204516719,0.8887975398982078,0.8625050923855042,0.899927500278598,0.06666666666666667,0.9759801253928393,0.0072229387087805255,0.9869812137474693,0.3168206480460336,0.2604335769162406,0.2491263520434579,0.28184332652278044,0.31525358523416214,0.26852203395614893,0.2518606840100125,0.24498834261925606,0.2809086870524978
5,0.4717526641562151,0.36135536071013974,0.36354258926386906,0.5477026959527596,0.4897830296864101,0.3634984992531698,0.34947921222808465,0.537402422065913,0.10913694326266032,0.0013712164531580306,0.5531335149863761,0.4844124700239808,0.7552821461660901,0.8149862748342507,0.5834445974083802,0.5245048288437839,0.7787044220228374,0.7898375681849554,0.6277466743814193,0.6592922499081602,0.571326427698791,0.023781664345369165,0.5916747191238851,0.00011898016282782696,0.019479786068316487,4.934422615296151e-05,0.0002433251108939089,0.7835678262907745,0.08333333333333304,0.6424591163296294,0.837298423955517,0.897253504490152,0.8524327542623156,0.33333333333333337,0.7167639416401042,0.0017642397837950943,0.977491967684588,0.47233280208392403,0.3615311033651053,0.3636215442942705,0.5471463357746313,0.4919344638740256,0.36491460430837386,0.34936799262514706,0.5380870833378673,0.33114936522008503
6,0.40631545189206386,0.5342807733702106,0.6187210077133923,0.6738459826145778,0.4068334132686202,0.539912513939452,0.6327380481247757,0.6810037685308714,0.2925459119856182,3.4871406776300215e-06,0.21389645776566762,0.1942446043165468,0.36179063318018123,0.3684500919202365,0.5771771024526666,0.5847631871071914,0.3293965542714985,0.3799507757055123,0.565670836141158,0.501328384983386,0.6114455881858656,0.03942186416575305,0.01074924032612814,5.5580121941534654e-08,0.01843975984679194,2.1407100839512082e-08,1.4568622722006366e-06,0.8223465949159954,0.12499999999999956,0.6453709679164371,0.8219803348278081,0.817520496183894,0.8446288434439877,0.33333333333333337,0.37469332412628203,0.010007171564250095,0.9952012028497597,0.40681720765898044,0.5343068459472035,0.6184831801981199,0.674035550547676,0.40729496179448543,0.5395883576966194,0.6330775997753585,0.6814690089010282,0.3646292460183185
7,0.36059672126013387,0.3527836476705625,0.406557942356776,0.46938860002800675,0.3727115792001108,0.3626567439597851,0.4063447297418179,0.4508721676794408,0.0694400887830513,0.0005980057555586139,0.5149863760217985,0.4388489208633093,0.09039656239596772,0.14572910698401786,0.09593515680424458,0.10438147761937278,0.11148401597524638,0.11331835447344307,0.12052874624989363,0.07736023696622274,0.580465120689285,0.019898776393277483,0.40156301330722793,2.492025669076419e-05,0.018927899206258127,1.065777557994583e-05,8.268926788034491e-05,0.4308730504843111,0.22916666666666652,0.44082059935023754,0.9096649223247661,0.9281177051224194,0.9154701070332072,0.2,0.8624325910085735,0.017101611472823314,0.973603989529517,0.3623664757918347,0.3541115711691133,0.4063477308314305,0.4696975232035159,0.3743163036498586,0.36358859929373133,0.40644619758004474,0.45314043360192513,0.3258239688719531
12,0.3675016399971669,0.30803765067817646,0.33221682775230366,0.4322187559129278,0.37614775298715386,0.3544777863717934,0.3545870586313422,0.4084638056697121,0.09554025478822581,5.330787179203087e-06,0.22070844686648505,0.1630695443645084,0.07085476314162653,0.10227742315966948,0.10235967359387299,0.09418950073323229,0.10000105503369872,0.08938382376830889,0.11276993273582447,0.06881663686773631,0.7914870458671381,0.004829465519458137,0.7635323522304557,4.437771476270134e-07,0.012285115495327854,2.630129826632104e-07,2.57849755073125e-06,0.8669756656092533,0.09375,0.6297364800488416,0.9186249588751965,0.9035908762840652,0.9083905763908846,0.06666666666666667,0.9037983008936948,0.006655856667572406,0.9935282252220486,0.3683821550058196,0.3080884762114462,0.3327031296418532,0.43191868290418145,0.37775852522077924,0.3546577354541681,0.3537123135292072,0.41043869019991597,0.26277213952331757
14,0.21350890681483037,0.03010745348158317,0.0,0.23545291863293594,0.21624840626769726,0.024247585447053632,0.0,0.18508128831108217,0.12907878075004753,3.171350533608371e-06,0.20435967302452324,0.23261390887290165,0.3129855445940515,0.36322184060493035,0.14278031473764496,0.14911341549871593,0.3787243557332669,0.3670334761900391,0.15433474640354872,0.09681727314702782,0.5500476713406011,0.11243277253724876,0.5386137667534182,8.542914076473145e-07,0.02510420546645449,2.8522707632861183e-07,3.0272287849018587e-06,0.6971713462237769,0.13020833333333304,0.7746640306755818,0.8940298247765779,0.8731153679040133,0.8990365461847225,0.33333333333333337,0.6699313466519718,0.004098111270784715,0.952567036479231,0.21395922624288988,0.029856148864048637,0.0,0.23453003158170183,0.2166751142776716,0.024957972744208634,0.0,0.18561188216560653,0.46564151196874415
15,0.9817284509939554,0.9973522221605124,1.0,1.0,0.9861323737592947,0.9990918401822957,1.0,0.9999999999999998,0.9623242688800309,1.0875715963914144e-06,0.1416893732970027,0.14508393285371704,0.1652329547014335,0.181403820458661,0.2734028796707002,0.2744131998516972,0.17695585107571876,0.16631447968615864,0.28728365561354563,0.2656714049387463,0.9406804135687854,0.020765201715269452,0.003523574980874242,2.94238647792201e-09,0.01258605893000568,1.6985256613719424e-09,8.725437275938184e-07,0.009394735094956613,0.90625,0.13424525938987597,0.0,0.0047017364160115704,0.0,0.0,0.008957321172060027,0.007771081824157382,0.01940090541123283,0.9817235493649359,0.9973361047347972,0.9999999999999998,1.0000000000000002,0.9861536458120582,0.9990841781257536,0.9999999999999999,0.9999999999999998,0.31508654721259877
19,0.365834058926944,0.3789570029347249,0.42012302937982826,0.49291912582280606,0.39119171507472805,0.3938023735171877,0.4296641675997699,0.486525805287181,0.05484273486540481,0.00034388428321738013,0.4768392370572208,0.41966426858513184,0.3160916096699564,0.35183223050746726,0.28210368743395264,0.2750235177208882,0.41064690989632435,0.3792900963875172,0.2896601353343531,0.28336606011000764,0.5764874390930581,0.03669359227361474,0.665497916331848,4.2773189264124926e-05,0.13007001740434612,3.0514936229203266e-06,6.533666945962195e-05,0.727911649730523,0.12499999999999956,0.6536877239571653,0.9442401318309033,0.9337304762719487,0.8989613778106396,0.26666666666666666,0.9139011280273523,0.02634368859003204,0.9987561711334015,0.36633300500527954,0.3793629215501638,0.4197590664345281,0.49277548921690895,0.3927407725308947,0.39213642365932644,0.43125065601101065,0.48886520736963135,0.36532831940373456
20,0.9103139701678798,0.8729930382318856,0.8457352331029577,0.8186108278487547,0.9280578119288873,0.8807802309997073,0.8421851623796646,0.8182576036407435,0.7039729652546356,1.0733791894250914e-07,0.0435967302452316,0.04556354916067154,0.08329864290580646,0.029682770793233892,0.2734028796707002,0.2744131998516972,0.08369980845295588,0.08008584847065636,0.28728365561354563,0.2656714049387463,0.8435069289187251,0.02464708712587516,0.030976621755493858,1.9109409378944362e-09,0.010448764954903988,1.3158199036851735e-09,8.046934704371267e-07,0.12040697558873549,0.583333333333333,0.08677630364204147,0.2645725830319141,0.3047608362086578,0.19475262432541607,0.2,0.12679816512567654,0.005966684119468506,0.2706999288273184,0.9103605588710395,0.8730718448660536,0.8455822129095103,0.8186739878197555,0.9282253155773813,0.880698163057299,0.8423797534485667,0.8186336934525029,0.11545432489918207
22,0.9792739171954759,0.988819272982804,0.9910996146941095,0.9903744338368805,0.9925684455490603,0.9955658329393506,0.9944054982026338,0.9942239841242306,1.0,1.7289027408678503e-07,0.054495912806539495,0.08153477218225424,0.11585791248838806,0.15242325184788452,1.0,0.9992057938363101,0.14786175560392145,0.1226670302999966,1.0,0.997353890178208,0.9995343262092153,0.0034803733921265336,0.0037974961438754307,9.067223917700297e-11,0.01850894221623395,6.112237220052181e-13,7.114486600047227e-07,0.005151492272198694,1.0,0.009821031626126686,0.02701370196628039,0.009319178378916604,0.021238840420291005,0.0,0.0,0.010164908662892274,0.0007534259066835289,0.9792821443736066,0.9888172936214236,0.991101229400654,0.9903579225656325,0.9925847452304241,0.9955460615954022,0.9944143238303266,0.9942422591313396,0.26318264812444825
23,0.4762880059172184,0.4667274662455818,0.4931072613841412,0.5494690930666197,0.4665202602505508,0.46178569481813725,0.4871550906384562,0.5422186810648872,0.45529637648919064,6.848388043429497e-07,0.11171662125340592,0.11270983213429261,0.003035747327257532,0.02335364259245054,0.013839012364820436,0.019523981233933174,0.01600730011516527,0.06258723942156186,0.03590521698538751,0.014742602613327271,0.9850415435215054,0.010366785134559513,0.2393536403055035,1.4364753422196036e-08,4.640235113529106e-06,3.759314775400631e-08,9.847181987176603e-07,0.41250133545293965,0.6041666666666665,0.3199975117137446,0.6796760569969154,0.6674620414187551,0.7813827180116419,0.0,0.7015946102924726,0.00021892340352366033,0.8079827668248778,0.47667515016346484,0.46747010935213174,0.4935475053539884,0.5488962108692441,0.46823023377274486,0.4620946133310453,0.48865031634138745,0.5432091610747825,0.262141033686576
24,0.32502631084371647,0.333065198917156,0.3755226766055939,0.4227095367555368,0.3506417432453979,0.382376664365102,0.4050078088487261,0.42690725350386893,0.1011917556808255,3.1238459677227794e-07,0.07084468664850134,0.031175059952038342,0.06746109540404888,0.0861998415336549,0.09869473870446255,0.09187219606605757,0.09983279112643739,0.08304202244241843,0.12682145215322138,0.08687673208601421,0.7598383843401666,0.006970287054635413,0.8736565024220616,2.6781820730456104e-08,0.00801210669214171,2.1676550072178108e-08,1.2789279067108823e-06,0.8855013589919016,0.07291666666666652,0.6340707786818188,0.9622453990612367,0.9161549691043032,0.9466036198370853,0.0,0.9999999999999999,1.5178830414797062e-18,1.0,0.32503539901551304,0.3325117772100724,0.37515184654413325,0.4225345162397671,0.35212801687208806,0.3808345380122855,0.40546796884178005,0.4282155949159918,0.2680612251885777
25,0.6107897487586817,0.5477290537660493,0.5768167047893771,0.7067743875361546,0.6020368106690221,0.5529770669331496,0.5860797326398715,0.7107877503813866,0.2616740200818759,0.09098263949768104,0.8065395095367847,0.6882494004796161,0.17770112821853035,0.22472416685365326,0.1598162282783684,0.20561113772921646,0.20033726999110568,0.22487867134568296,0.18901027192021358,0.18949740202090082,0.5256242662723207,0.0007869912087480682,0.012138211724552504,0.0008504799492709829,0.0331525246507006,0.00021470190344588056,0.010601936547009534,0.14875476521888936,0.16666666666666652,0.4835940457029113,0.687184872716684,0.7106339223781486,0.6388080618415892,0.26666666666666666,0.9985741412177278,1.0,0.9985588051944174,0.6108474900613192,0.5479745082082553,0.5766069456346157,0.7064445799816748,0.6038261867741571,0.5524892589313652,0.5864193956778042,0.7113647108743579,0.28886781661683963
29,0.15776134772227435,0.07753394228275512,0.038622464134814294,0.0,0.18962136782890804,0.12501409498970795,0.084009699936895,0.0,0.12697782614572883,0.0014359107264212314,0.5422343324250682,0.5083932853717026,0.36441348527119066,0.37741697542848796,0.0182017943537367,0.021063057304674837,0.368109437559589,0.3852704909990279,0.0,0.0,0.0,0.013361860404661223,0.7865521496531837,0.0001851582500713461,0.0074743200766554255,0.00015780976134982975,0.0003686964231014102,0.952691903994727,0.09375,0.9096809491256892,0.9107128025309237,0.8406877585118568,0.8476069025766995,0.7333333333333334,0.8605708113497501,0.0034858322271507872,0.9900497331830121,0.15789575909119835,0.07839909420192626,0.03955790206730725,0.0,0.19277639763185594,0.12373075293821856,0.08399417437935797,0.0,0.33467387219292183
31,0.35217754779751664,0.37209661398966676,0.41559478584610887,0.4293206122124511,0.3483163584970944,0.3716597713496813,0.41563116055148175,0.41095669407841395,0.08168701519601207,0.000905544527526718,0.547683923705722,0.49400479616306947,0.06566168711102627,0.08475981672147004,0.07283643793634997,0.062468822331748886,0.10763996036866574,0.08127930886987977,0.11020507686752401,0.07322057179298014,0.438300064959924,0.01943500838051938,0.6879816833831678,0.00016127394339678197,0.03626443311901601,3.8458024738852985e-05,0.00021017059818843255,0.7078648213312279,0.10937499999999956,0.6600512257502016,0.9391745515599537,0.9239761714334982,0.8933125778975808,0.4666666666666667,0.9507148655936148,0.05210419154490883,0.997387099106418,0.35313964502955675,0.3731435231759225,0.4153054033217778,0.4296719136568321,0.34759797672917814,0.3714809360865664,0.4177152019877416,0.41162787274029844,0.342788440422432
32,0.3339184834975566,0.3497419369016951,0.39148088828558414,0.45675931903993916,0.33157586066095845,0.3270626032082258,0.3742878078524422,0.418787719468232,0.06951016353672035,0.0005710603044817434,0.5122615803814714,0.45563549160671457,0.24876127331039077,0.28451851505792014,0.29289149397621506,0.3540178541419856,0.2660776892206216,0.2607456490097477,0.3107648009405972,0.2725677219798279,0.5908950580489338,0.08388484908715113,0.12538492063997886,1.7724241190301182e-05,0.022380751870027814,6.465867332356577e-06,8.180155555998303e-05,0.31513088757503244,0.22916666666666652,0.5025691565915804,0.9459742985454254,0.9492523935126087,0.9539825795187813,0.2,0.6206593547137146,0.002964539925603065,0.8642618079405798,0.3354293680853765,0.35004097798290934,0.3917949869903967,0.4572428783763016,0.333870112249973,0.32754024216630906,0.37623331810805916,0.42112733832514837,0.41918630253983125
33,0.6626406929615167,0.6910923104624448,0.7016384773829943,0.6423022651685433,0.642378340561431,0.6870885319543589,0.7134569167320104,0.6470806228316439,0.2976726087941026,0.07566209405040163,0.8038147138964578,0.7194244604316544,0.07244276546128559,0.09479041560554258,0.09339867146520264,0.07189227937894183,0.09436539989141846,0.08589570166422833,0.11061989922985527,0.08276094485909136,0.4104117234712601,0.032948002057744064,0.6986210148116528,0.011269278680270244,0.0037646585497003717,0.014141410162799992,0.018383712224196033,0.945906098940225,0.11458333333333304,0.7938637843510292,0.6788986435696938,0.6741434867610696,0.5872639596474429,0.6,0.750445002495255,0.018328222098787376,0.9947468716895276,0.6629667405697983,0.6910270831732884,0.7014355741824363,0.642044273796027,0.6427183785652971,0.6865347872530772,0.7132953805214995,0.6474344283038025,0.3743011641916616
34,0.76093786633856,0.6981206842592662,0.6784548270723214,0.6456812781871275,0.7611042039787115,0.6847851556177721,0.6684088506459804,0.6134937310227678,0.38940736070884974,0.057379671388750726,0.784741144414169,0.6978417266187048,0.1673328089621533,0.14211899765928537,0.14404903292161464,0.17654662407714805,0.16208467334001853,0.20532673199906393,0.15893306252353234,0.12409023556741694,0.42445760146472233,0.07634169006154415,0.4124649036886654,0.006248619978745148,0.03621621496724418,0.0014632005248377533,0.010603849092927001,0.8517763983226962,0.21874999999999956,0.7476826971551706,0.41267018957235013,0.5701143362851369,0.3927527602145675,0.6666666666666666,0.5107272427900501,0.012156962778821516,0.9973207510621852,0.7610009228057657,0.6983954946837204,0.6783880666796376,0.645390069399089,0.7617427415306689,0.684841586129777,0.667946574463168,0.6147569238491863,0.41911790695947315
35,0.32019218050118403,0.3778307192943857,0.4870268242777205,0.5977524910903123,0.3387205219866898,0.3987661011857718,0.4901614396921781,0.6022783720397632,0.18619598379603275,1.0,1.0,0.964028776978417,0.1822034734318443,0.21345317556448817,0.11909393543186741,0.16633937318984704,0.19192200969377904,0.19256077698570895,0.18980431941646225,0.12046324965748623,0.1715137545719716,0.3232676916783151,0.4780888745830862,0.7862849240671341,0.0036110877016135735,1.0,0.7654640112317166,0.76352213564823,0.07291666666666652,0.8685995860974125,0.8981398018298421,0.83688760485032,0.8609274532227738,0.4666666666666667,0.5408856943217876,0.0065203815943629265,0.9167108639654539,0.3212400486073036,0.37756313383282525,0.4865810409085056,0.597884768082817,0.3425971802943898,0.3992855381384538,0.4898762827901132,0.6030736347341539,0.6482825477409722
37,0.3223107613659333,0.27460712846073654,0.2802555985621419,0.19322365410674902,0.34433795302482095,0.3079372211629138,0.29219266152037526,0.17231232874888125,0.15435068416198838,1.1704395755747581e-07,0.0980926430517711,0.143884892086331,0.21687360884171092,0.21089109497277292,0.5358624447785321,0.6885126780252093,0.2358914468358999,0.2519847042295438,0.6747027628825544,0.5917115052018294,0.1945057735366036,0.03326697838258917,0.7011502786557183,1.5729873395701056e-07,0.12276341373871921,1.163282448450167e-08,7.053254286881971e-07,0.9284120958192037,0.09895833333333348,0.918931155219103,0.91702730799609,0.8428089365699645,0.8738405593162732,0.8666666666666667,0.7904179286421685,0.026457916937157697,0.9936457727689496,0.32249468560435435,0.27626002927078064,0.27973878184008116,0.19278503191957297,0.3478627025664398,0.3111661360160449,0.29224023469256655,0.1746876963091042,0.37681499112141276
42,0.471788635783766,0.4557295945756913,0.46821927768957594,0.5194495065094709,0.4664263663474366,0.4420541947501203,0.4564071200608594,0.505337622561798,0.25108346574353746,3.7330898286234557e-07,0.0871934604904632,0.07913669064748208,0.3561434826247898,0.3820619488503936,0.5746220409195275,0.5874475839133424,0.3684139365438499,0.3783292620896854,0.5877861584803394,0.6322056861785295,0.7336008845694342,0.06964361344494835,0.05918863764355882,1.09311762882717e-08,0.03851775124531825,2.037219696248069e-09,8.384553577778073e-07,0.3096578903600727,0.359375,0.5107273730618045,0.8061330953043142,0.8029525093327461,0.8061572895283238,0.2,0.6297462166449117,0.0010606461052757267,0.889137907736928,0.4729083643814538,0.456124798463993,0.4685741747843519,0.5199865835671713,0.4679846012389113,0.44196744325410997,0.45646944260135613,0.5061596973816476,0.4109080310675633
43,0.30480360872881307,0.2829816488801137,0.2891286130834606,0.28382126966585464,0.3122476864123309,0.28620114410205066,0.2690102646468724,0.2379500040840865,0.10423882244854266,0.0002994565633794025,0.4741144414168938,0.42685851318944845,0.1914251985536457,0.19754247074904496,0.15180318175256824,0.07911701576568708,0.18066598535728584,0.23141509655465065,0.08352694476343481,0.06659513585544241,0.5368667288084894,0.016204220286301006,0.7292984585390397,4.2903630118908385e-05,0.09427921878305942,4.1550191828482895e-06,8.006749258026261e-05,0.8255211641985972,0.16666666666666652,0.7628325107330658,0.9265967603709218,0.909811877496395,0.922455315143361,0.4666666666666667,0.9423457538303476,0.029371167876875322,0.9991168562254107,0.30556151288925104,0.28480576909623434,0.29060260362832535,0.28387526590331014,0.3126838427447979,0.2887335932469074,0.269416525477127,0.2397593337601931,0.329543560227325
45,0.8443037604509948,0.732823408692497,0.7676020606487535,0.8174807846954156,0.9146790413786063,0.7858565774500332,0.8062161742952054,0.8726833026541898,0.46020659778283335,4.3883527076771165e-08,0.024523160762942767,0.05995203836930463,0.9791985690521914,0.9972747354858784,0.7064233189071536,0.7315353121901917,1.0,0.9828785951378536,0.7167281087349946,0.7689232723762469,0.6770771547814962,0.03200998974960264,0.06094954927224485,3.2026985324840275e-09,0.020691518005425666,1.1597881837787272e-09,1.989251132524381e-06,0.1573618140760336,0.46875,0.2001783103414576,0.26874036170538185,0.48444076645186307,0.34966055355366077,0.33333333333333337,0.09186300925174247,0.007498236314191251,0.3060189379879963,0.8443415199423239,0.7326126799925853,0.76745795369318,0.8173061842881115,0.914830110187982,0.7866995258945855,0.8056824320172972,0.8728163795174428,0.0894191955576886
46,0.9661326560108032,0.9832221964013111,0.9775954885357091,0.981325716089751,0.9648205952575817,0.9931460876731772,0.9891721786152992,0.9890892555394044,0.9917916149641917,1.7289027408678503e-07,0.05177111716621252,0.08633093525179861,0.10470058527751913,0.09011577392424153,1.0,1.0000000000000002,0.15692539321116694,0.1549284952867751,0.9962054506998026,0.9915253297348694,0.9968018698922738,0.00344313718269816,0.0046088407979579665,0.0,0.017091044011456842,7.28681850753103e-14,7.028797541293465e-07,0.0019109417664264997,0.9895833333333335,0.014901709953053954,0.05454657702833643,0.02809346772985144,0.04380962639096486,0.0,4.0016781099543475e-05,0.008896429784579439,0.0,0.9661473033704528,0.9832163313376049,0.9776010963521904,0.9813039728232058,0.9649085816704907,0.9931685072142762,0.9892105348520533,0.9890957250784715,0.2661719328739207
48,0.13887916318012683,0.07039457461210108,0.052857654190576864,0.06492124526711018,0.1841019131268783,0.13723890132851468,0.10973199511784626,0.06708779057430825,0.020772906078173392,2.2782270042602987e-07,0.05722070844686647,0.028776978417266175,0.3756447980535902,0.4123852612162793,0.2734028796707002,0.2744131998516972,0.39876314994168416,0.410996013616427,0.28728365561354563,0.2656714049387463,0.7733236745950687,0.0,0.8987412051620682,2.5724611202740557e-08,0.043312168051923616,4.932784880762907e-09,4.734016653140333e-07,0.9095116986882719,0.09375,0.7739020729199141,1.0,1.0,1.0,0.13333333333333336,0.9999999999999999,4.336808689942018e-19,1.0,0.1401687188606041,0.07110253558492785,0.053186352589019714,0.06635614528653977,0.1847501856016056,0.13335835525016326,0.1103193685279803,0.07056415413494799,0.26110643426742836
49,0.5026836916624019,0.44064653718445124,0.4585931539110898,0.5521487299596224,0.5042512308398408,0.4225324859707056,0.4626964397492147,0.5358072077931605,0.2554134150414056,0.0689982796041751,0.8065395095367847,0.7218225419664266,0.12858992446413398,0.16479657476050003,0.06596620764183303,0.06436231494334366,0.18634636590209475,0.17333366927133342,0.07853998323195155,0.04479551452640407,0.2847628668158362,0.005262739971805711,0.8360390619130856,0.02254699551710139,0.9574444114134034,0.00022223273450671746,0.023152306086477965,0.8589284175923654,0.15625,0.8197755811673936,0.6757635132293833,0.7005198955965142,0.6198625685001469,0.8,0.998252838804442,0.6534128213197764,0.9984940164080167,0.5035482761469791,0.44107993690074576,0.45915554216728616,0.5522668126258745,0.505378497595402,0.423302764004198,0.4641140380351275,0.5385373352188492,0.3160902990164861
50,0.3874469283050591,0.44797045350198805,0.5249941617222877,0.5342414077904256,0.38637571317054387,0.45346582772534516,0.540542153047257,0.5387359511415495,0.14493679493574074,2.3812736038555643e-06,0.23160762942779295,0.26618705035971224,0.05152092925490681,0.0584977317583224,0.08129700812538032,0.0954780684444132,0.0937789084118772,0.08176239001260788,0.100860647823519,0.08908233702258395,0.2394531415227834,0.016610637066742567,0.6976449857557979,2.490862069736437e-06,0.3728057053471402,6.197004752387456e-08,3.111446519684359e-06,0.7354689093121904,0.08854166666666607,0.8008160713605188,0.8928547664285174,0.8214071981885684,0.8215242143020656,1.0,0.9681581589450382,0.17578286641993152,0.9943988440048812,0.38843032151140355,0.44864680797688206,0.5242839335826657,0.5341297677398966,0.38788281126154145,0.4538097114093932,0.540730923172435,0.5378260563132198,0.35746070432125865
51,0.3706815523388378,0.38230669345055734,0.46063441579035536,0.5883355599562505,0.39394120434020685,0.4121191612088806,0.47573674311501735,0.573390707464732,0.18375128866540447,4.213162881928673e-06,0.24523160762942786,0.2637889688249401,0.07017739880741525,0.14671660983476054,0.0679747340659358,0.08684604660517148,0.11431341235957992,0.13401417835231522,0.09674819784238875,0.07065470373788507,0.48057976642762323,0.022903689936194085,0.5934869768758797,1.8287618835941645e-06,0.14867842485430038,1.1504777099587817e-07,2.8840882700647773e-06,0.6540397823051799,0.22916666666666652,0.7218244083611736,0.8664162991471707,0.844910596823091,0.8677544890847986,0.6,0.9359274999880948,0.05324519596865885,0.9881405133797058,0.3712360701273417,0.38397585866694894,0.4610823479734707,0.5882810045118976,0.39544234977506976,0.41328084023246037,0.4763968917992022,0.5738521544682533,0.36612772631507867
52,0.5864533642157768,0.5488078742254514,0.4899303874881245,0.5467649997890819,0.5865711184430336,0.5773616932976193,0.5262629143615138,0.540033379970027,0.23917638691872156,1.92390057838195e-07,0.04632152588555857,0.0,0.11651414910401936,0.11917051879911122,0.05441015301323393,0.06119652694058275,0.12290612308020687,0.13767117668843243,0.09478028645812664,0.06222859902476641,0.7493473574709806,0.0027122403086409256,1.0,3.4041625697389315e-08,0.02150140711228481,1.273109133263674e-08,8.922118761344851e-07,1.0,0.005208333333333481,0.7080862210374865,0.7702227698169879,0.6897636436214665,0.6493773622418013,0.0,0.9999999999999999,0.0054513523767907345,1.0,0.5869105634025122,0.5486597437055719,0.4896977053422693,0.546494244294299,0.5884823014049572,0.5764230936807233,0.5267601133540502,0.5419244675195611,0.2337111565229112
54,0.3918299647584924,0.32611424170444614,0.2736708445776025,0.2807961364664975,0.38962792624419795,0.31776342155386916,0.27128940397116286,0.23900048598157442,0.3923660379912812,4.018920803658795e-06,0.23433242506811996,0.21582733812949642,0.17987683928897535,0.2414681526565321,0.01748182170413015,0.0057398479016101955,0.23760164984973997,0.19004817738146906,0.05149507062055547,0.05346976838888162,0.4888363997088363,0.01651937630121324,0.8427831511823389,8.238672798302459e-07,0.024505036988960453,2.7705535368840215e-07,2.2896980638512153e-06,0.9613775707954486,0.12499999999999956,0.828555102457654,0.809569468477894,0.7609894402554769,0.8214767188778445,0.5333333333333333,0.8967748480119775,0.015993654053141664,0.9977513766853541,0.3925845069159607,0.326553226301165,0.2736344090316778,0.2816093511079967,0.3891655057071912,0.3201104764129141,0.2723190857386891,0.24108067554591028,0.32594224533162064
57,0.6992653075201347,0.7346748390988898,0.736868663662574,0.7213600829692255,0.725105940526285,0.7509657110775855,0.7418134904773975,0.7327980694432398,0.2420897119777896,0.054794630361245454,0.784741144414169,0.6882494004796161,0.9610401221500773,1.0,0.7093611518682801,0.7097652799406788,0.9420170775490146,1.0,0.7149134622454185,0.7062685619754987,0.4955282621542274,0.05060013698856407,0.001768006809022911,0.0006003130507671149,0.022966232056510983,0.0002102299981906174,0.007726361117946481,0.33190518332690594,0.21874999999999956,0.61741642506646,0.5335521664808032,0.7099037483963055,0.561091359862286,0.6666666666666666,0.48240114508628285,0.07266689320459097,0.9975937352656488,0.6995341861773821,0.7347707701395735,0.7366814738640002,0.7212858135749052,0.7263078113429505,0.7512706746655369,0.7409160784479903,0.7330812751740998,0.3943959351088737
61,0.29182010100092437,0.30592472785654856,0.3005634598612731,0.34205509767231246,0.2897205335401958,0.3029856166547884,0.3070320705275785,0.3002045123596655,0.10237405110425346,1.2720789620410024e-07,0.059945504087193444,0.09592326139088733,1.0,0.7605344076071594,0.4560510299205225,0.3971511192021333,0.723850895893118,0.7725495652902574,0.43596295206606595,0.4360013122280293,0.47000537268309106,0.12216237754906628,0.43007071535920394,5.605526451767647e-08,0.16118209441212675,3.0347395889129468e-09,8.413822640048829e-07,0.6312179886337768,0.17187499999999956,0.730017141913614,0.9469140370124833,0.9385437658346572,0.9414625490320665,0.4,0.6498929070178769,0.020978112780386145,0.9821031398581715,0.29265704717403707,0.30586436468293965,0.30083512327826223,0.3421143194134897,0.29220972243660237,0.30409660647153824,0.306614750220615,0.3024971842687907,0.4894181506371955
64,0.21955028944998745,0.13430589939992443,0.16852330570901897,0.2852110519560055,0.23176473809025777,0.12473222553173513,0.16163014819933097,0.23359834860154693,0.5458167334861743,8.921795496013408e-08,0.03542234332425068,0.09112709832134297,0.39140431474660664,0.36350867797128084,1.0,1.0000000000000002,0.34634587405541906,0.3033104647820286,1.0,1.0,0.8435835410960144,0.4710539602991596,0.30404704442569314,1.533854108533912e-08,0.010496999981353446,1.0038692791065997e-08,1.0515441269663538e-06,0.5724284110429545,0.6979166666666665,0.8383080793118929,0.5608867226547627,0.5331571974190581,0.6213224593247983,0.13333333333333336,0.38624403017452885,0.005936600925874623,0.7442427643828204,0.2205180420421603,0.13525279540200885,0.1687823694728614,0.2850050020676962,0.2338214213292622,0.1259438373244789,0.16143592099100545,0.2348021160429512,0.7222168252687681
65,0.18512970541541174,0.08221102608670328,0.1086899852035147,0.2618622331003607,0.18203899258779177,0.09893124227363925,0.11286855695207687,0.19883118996879812,0.5095848507032796,7.21789497981181e-07,0.12806539509536782,0.18225419664268586,0.06713715917072749,0.1174517998670841,0.038388457548843125,0.061285967946555164,0.0950613914978975,0.11736170539137003,0.0651390419151725,0.0031638799744848622,0.7496855469665555,0.3768097236072267,0.3568766426797522,8.174195694696578e-08,0.014736980258106203,4.091469950574033e-08,1.1971034882120753e-06,0.6042184074110573,0.666666666666667,0.8175698511524168,0.6366925830225916,0.5757842809353946,0.6512893857642221,0.26666666666666666,0.4335128136444114,0.008613388296682513,0.7631786013706073,0.18572595995383845,0.08333681807566451,0.107835870258007,0.2619878755298315,0.18270474694380157,0.09619334530730739,0.11287746620798644,0.1994026361509058,0.6563070824462152
67,0.19032823275718058,0.19003243086857613,0.1811362136485709,0.203510573556972,0.2133993765856761,0.199027323750414,0.18808052103557082,0.1764835879286828,0.09411612270756198,0.0002730737871915061,0.4768392370572208,0.42685851318944845,0.2353586798489986,0.26662585062732624,0.011710361868782604,0.005535349045224347,0.2553305293832868,0.257987548409667,0.030306039672840956,0.023059123561024908,0.5258628106124403,0.016278632597831126,0.7373963314532286,4.30396861223938e-05,0.07205889073392059,5.244586025682304e-06,8.155459833882079e-05,0.8388096243839744,0.15625,0.7660258988777767,0.9454343260474278,0.9148599441292617,0.9242682140071703,0.4666666666666667,0.9442368303616415,0.037562022914955154,0.9991470839964984,0.19211803932054772,0.1907005598216086,0.18054186231431024,0.2032137054726293,0.21519756473096374,0.19947261741204547,0.18931685959153588,0.17664335565371325,0.32895417031091695
69,0.7824819189633491,0.8068002020979367,0.7970368742706282,0.7727980654159998,0.8089199832058053,0.8200166357645157,0.8086102654316869,0.775411630707856,0.4726714271101784,4.642176989064503e-09,0.002724795640326974,0.031175059952038342,0.3561434826247898,0.3820619488503936,1.0,1.0000000000000002,0.3684139365438499,0.3783292620896854,1.0,0.8478891719399511,0.7301282743460615,0.11390113358785428,0.03452256200636251,1.3890838907306744e-09,0.02213304979499135,4.1994891636240654e-10,7.113267654593807e-07,0.16870454577335214,0.43749999999999956,0.15971043440051158,0.5005841560156474,0.47863890290383715,0.35028070190568616,0.2,0.13881506745610556,0.00667950914753215,0.31293949926874726,0.7828141802192745,0.8070556644241466,0.7969434610788304,0.7728840140948259,0.8096230562408612,0.8203348844923184,0.809050597619894,0.7755591332591367,0.0
73,0.5192011310597098,0.45662344841823144,0.49252547385623974,0.5681452467722505,0.5572903831950908,0.45708320607580344,0.5051770882843569,0.5688559039499874,0.250258043499608,0.06588980359200185,0.8119891008174387,0.7242206235011989,0.14123201460441726,0.1647718953003654,0.06369307003769142,0.08849889749539197,0.19939186212199544,0.1902700391281389,0.10079858748114146,0.06980262924935277,0.20432670194444924,0.0022267334962493644,0.8706057701958024,0.025104404551537608,1.0,0.00023553579310936135,0.026065544197337195,0.8890638894402321,0.11458333333333304,0.8269827156627664,0.7007592273660248,0.6994515396874341,0.6381941039182397,0.8,0.9971222747150836,0.3086314734321291,0.9972958260612463,0.519744668531697,0.4578163773220677,0.49273376694505155,0.5681085002834005,0.5596904738521998,0.4566449404606474,0.5049623727441074,0.5689883096465427,0.3056003484883163
74,0.3334181356609067,0.2497112953103373,0.2705807315678027,0.2768093288188359,0.34269893502194815,0.27644466676527313,0.27863902189086553,0.2320735316650515,0.18346319778536557,1.782104707524054e-06,0.1634877384196186,0.13309352517985615,0.25222722071948933,0.2886631940597111,0.026463089032965126,0.06542057911678345,0.2663671974859816,0.259790031520581,0.08125117846915009,0.03678421699317136,0.7733070711431842,0.001225981675062774,0.8966288082396004,1.9855272454050456e-07,0.022316550831198025,7.214575336986499e-08,1.2046106596621304e-06,0.9053088020812695,0.24479166666666696,0.7621054038411658,0.8919137615672272,0.8758514792739724,0.898062482468625,0.2,0.9940407782305641,0.007022476883856923,0.9950569474290728,0.3342080804844155,0.25051787175910334,0.27053699504792994,0.27636348459791815,0.34319164521351564,0.27818867245591394,0.27940758416506184,0.23451062870819728,0.27305102691398686
75,0.3163100892559916,0.25630853137611753,0.26135599937567566,0.4377806581968693,0.3329954293148125,0.27645857368628357,0.2632814061775848,0.4466032571726216,0.21236236973263356,3.3256069422467872e-06,0.2179836512261581,0.25179856115107924,0.1044103525310498,0.12450960711499981,0.16571462289547956,0.15979738752867356,0.13074853580620527,0.14828153505715536,0.12363594781345055,0.0767570765164245,0.6585566967787506,0.03230124350417963,0.3308426821636323,6.085954964258336e-07,0.09988189071562419,5.343246601597237e-08,1.8901925338290513e-06,0.39908406520940287,0.328125,0.6029258336709257,0.8575202716400772,0.8407533347560605,0.870751498871611,0.4,0.7658477200178344,0.02317888408580359,0.9305809561659422,0.31647167982229585,0.2563609250970197,0.2612593966480379,0.4376968283090663,0.3346811741297604,0.27643182444700465,0.2624166474546181,0.44447652724340103,0.37503574790224053
76,0.5597870502231024,0.6196458937200374,0.6855577709866874,0.7226283612231458,0.551313715140682,0.6074835637867092,0.6795727865603851,0.730088283432425,0.23901425279009736,1.9909125134914603e-07,0.04632152588555857,0.0,0.2684281078435733,0.24630529695099757,0.20211745894399424,0.18738450071630353,0.27032682491502813,0.3030797324811547,0.22031915285748882,0.2054114048884541,0.7651471000539467,0.008669490847853562,1.0,3.4041625697389315e-08,0.021501407112284827,1.2731091332636728e-08,1.9642941918198375e-06,1.0,0.0,0.6327321769466886,0.8095874294432748,0.6790870973169287,0.6503884262254069,0.0,0.9999999999999999,0.006051104609863738,1.0,0.5599358037989088,0.6203047670901728,0.685200345866912,0.7226624930450638,0.5525278510187626,0.6081583804908708,0.6794844620783452,0.7307281234786795,0.23299972171732328
77,0.19681384468426955,0.1267872904870908,0.1310036746950587,0.3568519222662838,0.1910453306014418,0.11512122637465683,0.09665438163927564,0.3049284628668003,0.1245440842813963,0.003002363604993739,0.6130790190735695,0.5251798561151079,0.23311151708406408,0.2522662858304381,0.04945856685194028,0.09030220063092842,0.22960540902660265,0.1899009496947235,0.07357598184252967,0.05239434993519265,0.6301573586600537,0.0060903740587619675,0.9209687161439454,0.00046409375281647377,0.017494985503376425,0.00020601357517805005,0.0010469787395321298,0.9631210250254357,0.0,0.7620041315167584,0.8980374529426234,0.8351602643816296,0.8204737380332623,0.4,0.9585492686521511,0.0026140432012703298,0.9943492854874085,0.19738398863987017,0.12686253210831033,0.13021320143367643,0.35637958225238453,0.1947754187976688,0.11743720016257497,0.09361123834112384,0.3057029712570194,0.29006538622680555
79,0.06108954491474061,0.0009700616414445307,0.0055683225581865115,0.05249640032981251,0.1109647807630274,0.04375170999945821,0.0471557023034358,0.04090037098932531,0.0,0.0005980057555586139,0.5367847411444142,0.47961630695443636,0.19544305064944867,0.19532669371961342,0.023510927120000913,0.03797184062022074,0.19816425530498627,0.17251308179558444,0.04202407110547135,0.04997643813090358,0.1545704809630033,0.012098655310295081,0.6765607935780888,0.00010998671387547554,0.011993170701189583,6.670575192972312e-05,0.00018055248895969175,0.6972788245576325,0.1875,0.6623659079889092,0.9899451634326848,0.9924150579361548,0.9546710903355153,0.6666666666666666,0.9409457500580789,0.03402753775878496,0.9963037866393823,0.06257438506098234,9.445567484278605e-05,0.004297239574564515,0.05206371794486109,0.11156016071717123,0.04474973681515593,0.046570690519387226,0.04399193171847293,0.3180596848114824
80,0.35445217481158287,0.3786304593392401,0.45349762648182157,0.5173003701324965,0.3605396548228734,0.3832284978973143,0.42692210494694305,0.48482640686887396,0.04285998216855358,0.0005980057555586139,0.513623978201635,0.45803357314148674,0.0711388892460616,0.08481630472769819,0.06903481688011914,0.09596866440615037,0.07671197083225412,0.08105393249848536,0.08851556304616426,0.0538152946802124,0.5930634056887989,0.08392014625214217,0.087892242521018,1.3674718445140163e-05,0.020750587816488687,5.324110841068061e-06,8.499948286996464e-05,0.32089445712439163,0.20833333333333304,0.5266494851417526,0.9403272500595001,0.9502857221063916,0.9311038521411632,0.2,0.552342889339628,0.0006403178917097967,0.8612367668528442,0.3559927247011778,0.3787267718872612,0.4537253471779803,0.5176805017615007,0.36343594715333294,0.3840167575595729,0.42663177345179937,0.4851964806791256,0.4320660228815786
82,0.8775563103532916,0.8693105756653509,0.8538699027988654,0.8247605157596269,0.9135105594289785,0.8922795306614506,0.8760556632840197,0.8405819167868137,0.38475350442075484,0.0560871508749981,0.784741144414169,0.6954436450839326,0.5052752367402911,0.5152348274422991,0.4426531703333749,0.48516729956433413,0.5187608991752528,0.6009805105415515,0.41760612806920205,0.500923381431627,0.47568326389517557,0.06438435373399266,0.0,0.0005410280273941472,0.016115405173630266,0.00028691290312883377,0.008428807199852385,0.7202053998767145,0.27083333333333304,0.6990578428021773,0.3304658614210845,0.5500311229342323,0.34285030290543794,0.6666666666666666,0.279787823571517,0.028600744495049613,0.9972712062490673,0.8776810708961866,0.8692295299429108,0.8537959401586961,0.8246881263887305,0.9139195692890324,0.8919451305352795,0.8763126505076085,0.8411112241714147,0.4125172933623389
83,0.18370832719254715,0.09726836311259057,0.07393622729626859,0.09678748102159607,0.22323519534045178,0.15611291589143916,0.11574665238168924,0.08105331698811746,0.04748433561038912,0.3977402431437309,0.9931880108991824,1.0,0.07491507320780855,0.12120957075935257,0.037166503992362765,0.0309091741125469,0.12913961619623704,0.11704396083846813,0.0573697305143781,0.014597006124649203,0.12086681191580739,0.6508811987843233,0.2475465890460046,1.0,0.011883430358303044,0.6133655370896524,1.0,0.4526201782719745,0.10416666666666652,0.9044530682091825,0.9636157461226151,0.9377886667031934,0.9292101774953148,0.6,0.3336967537709116,0.006779006737674169,0.72913279149426,0.18495435898344148,0.0981888757702225,0.0747198994997601,0.09684934980216253,0.22552070200452268,0.15745323116634036,0.11968792124473537,0.08230346551653778,0.8084780863688803
84,0.0,0.0,0.10112528020142275,0.3591848633737049,0.0,0.0,0.07741781878747578,0.3223790259621052,0.06408537748228316,5.330787179203087e-06,0.22070844686648505,0.1630695443645084,0.12122149885744227,0.1535226333967552,0.17641727845799027,0.11217997752569864,0.17530436225076107,0.16850717870935217,0.17701670083085919,0.13527673493134218,0.7860562264057944,0.005553133769170201,0.6483849238764956,3.5562689459389347e-07,0.014031174491792604,1.8975951607258775e-07,3.4708382855198798e-06,0.836947414732212,0.12499999999999956,0.5959042654481382,0.9235784708901367,0.9170351345063477,0.8962193076203144,0.0,0.7876663199477523,0.0031314436391464244,0.9875646672445804,0.0,0.0,0.09969555595469015,0.35893931161923875,0.0,0.0,0.07637039641821053,0.3215155657764106,0.25311567948056707
86,0.178058381531635,0.08696017447385473,0.062021722921762557,0.05236244405759749,0.2087619566391946,0.13958967193392757,0.10786710503712693,0.054455684401220616,0.16798846066842898,1.782104707524054e-06,0.1743869209809265,0.20143884892086336,0.2976580271298399,0.3540783396815663,0.11308767905238737,0.09443064837152892,0.34690525606558476,0.30046584446287605,0.11735916621553866,0.08713621294253837,0.6463022077592186,0.21416274949673209,0.4620748766621823,2.496398756361383e-07,0.0287712755354386,7.149204789499183e-08,1.2782758588258916e-06,0.6632129273386231,0.29166666666666696,0.7812976867029978,0.8817515897926107,0.90451715296369,0.9522396492968892,0.33333333333333337,0.6125918173297299,0.0074573729379804315,0.8986388200226773,0.1793285093322976,0.08745093633745293,0.06229881537605919,0.05213284335339985,0.21049059609713705,0.1410788079299382,0.10946388464926393,0.05516547175993192,0.5350129969459377
87,1.0,1.0,0.9892256815462327,0.982490265649951,1.0,0.9982728309349735,0.9892863318448705,0.974811368814811,0.9639393987416911,1.1015591828588149e-06,0.1416893732970027,0.143884892086331,0.08178416268626387,0.1312610601763753,0.2734028796707002,0.2744131998516972,0.12758960685385468,0.11267616803271041,0.28728365561354563,0.2656714049387463,0.942564501311494,0.020347629183017482,0.005166901904085386,3.5492850564895677e-09,0.01541296731692416,1.717493710799931e-09,1.5449759707027677e-07,0.001118867213957102,0.8958333333333335,0.12757723412009736,0.09484673614182926,0.0,0.024231284736821124,0.0,0.0024044515688552083,0.007973686732388689,0.015763392274388728,1.0,1.0,0.9892257689252866,0.9824718323835977,0.9999999999999999,0.99829666372266,0.989314221830233,0.9748534641325415,0.31174725716848484
88,0.4651303393699443,0.4977576462418653,0.5890234770184055,0.6685174843229283,0.47139271511585945,0.49982485556304407,0.5736167451881049,0.639370481869218,0.46977082888861776,3.5205783685548705e-07,0.09264305177111715,0.12949640287769795,0.3561434826247898,0.3820619488503936,0.47984503416407875,0.49460804528513,0.3684139365438499,0.3783292620896854,0.573463275535179,0.38921198968932336,0.7072734515467007,0.14340517813357573,0.49410141199907415,4.4025515677252897e-08,0.021806615748646372,1.742611817020053e-08,8.113851761354249e-07,0.6857837405710228,0.552083333333333,0.7101197341221592,0.6552490979194121,0.5866979008198108,0.6813394427454385,0.33333333333333337,0.6252686416236063,0.015126577705058389,0.8634646207999292,0.46490451751334216,0.49845145732262586,0.5887543057899252,0.6685868965943305,0.47268919127563314,0.5009375519324515,0.5747599304559784,0.6405304736308872,0.4788461767891268
89,0.4707585537792289,0.5147915643932777,0.6102057803362719,0.6995522693528705,0.45740411772811884,0.5143583127218329,0.5913660156045562,0.666954921767934,0.5270469540088536,2.0610068319428736e-06,0.1852861035422344,0.23261390887290165,0.34509377953277287,0.3407760536079798,0.2240793132895118,0.21973940241467838,0.3707733394777155,0.3426097388230316,0.2380531915899562,0.19971349406717565,0.6627947577357065,0.16813589133441834,0.4352627309223624,2.237196432136133e-07,0.012093000693283208,1.3581322878886278e-07,1.1360918427780926e-06,0.6619354963847602,0.6041666666666665,0.7389041559508506,0.6295950399153165,0.567996724262871,0.6593235425107031,0.33333333333333337,0.58026001940705,0.02698777269847554,0.8437301964688941,0.47063041626167734,0.5158049092537419,0.6102332250343683,0.6998138383988337,0.4610539288891009,0.5158940371700889,0.5925123658907893,0.6679224428908717,0.5147865276465903
90,0.5175388733477151,0.47545805465075963,0.49902279948076733,0.5545299559528047,0.4931000329573152,0.4524251524915667,0.46880105694922236,0.5252568506935638,0.2478196588063426,3.5205783685548705e-07,0.09264305177111715,0.09112709832134297,0.3561434826247898,0.3820619488503936,0.5167171815493901,0.6067572489956488,0.3684139365438499,0.3783292620896854,0.572239020969763,0.5894632032674854,0.6457348717175608,0.047561884376141755,0.08896261194298076,1.1214973200273606e-08,0.01931549024938685,4.501689504312077e-09,6.872090431542841e-07,0.44608553565157594,0.30208333333333304,0.5805897571503689,0.7858093653555485,0.7861008917265195,0.8063776879648414,0.2,0.597695319108739,0.0008988946845258889,0.9001874354105871,0.5179690597128038,0.4751626365168583,0.4982982212108833,0.5551182883389207,0.49461972623261496,0.45321879433268153,0.46825612459633625,0.5258273948258827,0.3785149791782322
92,0.9308435489032291,0.923352229190182,0.9091019749578433,0.8936810380724087,0.9322387281056609,0.9674892048345288,0.9640817804315132,0.91223186861448,0.6359445274341082,1.0733791894250914e-07,0.04632152588555857,0.047961630695443735,0.12931449665594208,0.17040094308904985,0.2734028796707002,0.2744131998516972,0.16933036229291565,0.14433875751750058,0.28728365561354563,0.2656714049387463,0.773655373337975,0.018351877590675577,0.040628428731257174,2.0671693046925664e-09,0.01938864622529169,8.629468032737017e-10,7.135360455585596e-07,0.08558364173635218,0.546875,0.09834350374801049,0.22546237154852422,0.3005914573481192,0.16048553494571305,0.2,0.08013536109659178,0.012458767853773728,0.2683048817275728,0.9309085887701947,0.9234624447750387,0.9091850772023591,0.893761287144019,0.932491575210313,0.9675297055723777,0.9640620273300756,0.9121337292518421,0.1268955626145463
95,0.4942406157723717,0.4615237314431022,0.49377590272497157,0.557763173578812,0.4888986818700147,0.46290579222454553,0.48360513098125324,0.5419717256708931,0.4334546932336769,6.848388043429497e-07,0.10899182561307899,0.11270983213429261,0.0,0.0,0.0,0.023374026956386684,0.02970156996150619,0.03327190137111069,0.03349735006322119,0.023059123561024908,0.9712472445451534,0.010095888022023014,0.24455418062587791,1.4376793343305091e-08,0.0,3.7783104117114866e-08,1.0975831563769917e-06,0.4202880209147484,0.583333333333333,0.3184431023552704,0.6763645115405406,0.7057676575442375,0.7563277325939977,0.0,0.6995785751304527,0.00020390148577625682,0.8138607169711831,0.49458963646452747,0.46153599459527206,0.4935742234014493,0.5575400755224269,0.49025980300370864,0.46176848922134517,0.48348388011373544,0.5429190044934631,0.2620328048826871
96,0.29891088116564224,0.31695235129153276,0.3818033584108219,0.4348435599680318,0.3312523791383193,0.36458964433185237,0.4104489368321024,0.4441940258196557,0.06801139439634252,2.355177641269134e-07,0.059945504087193444,0.023980815347721812,0.05639720618630317,0.10057147831560176,0.1422751938705895,0.09955265650996936,0.10785075317031012,0.09190172854729539,0.12234040682135694,0.08639478237067388,0.8109754265915616,0.008160416864819822,0.7849651295101095,2.4498273503475467e-08,0.010564171984331485,1.6246278339512925e-08,7.364412602032771e-07,0.8104766777352338,0.14583333333333348,0.6030116360001803,0.9771551489487793,0.9603489825989033,0.9815970863798613,0.0,0.9999999999999999,0.0,1.0,0.29967622523398396,0.31777389801082845,0.3823769029437638,0.4349346861544474,0.33273514553741756,0.3661471811294662,0.41162946887451424,0.4450637454852948,0.27476578209907887
99,0.37270912979297965,0.37454022984594615,0.456076304020513,0.5428846018928986,0.3865683699659762,0.39775627951244086,0.4703198796389646,0.5453473864798828,0.18780144233922602,2.6207586779546407e-06,0.1989100817438693,0.28177458033573144,0.26423006851370445,0.2639387813673566,0.1424099385230484,0.13312098112782045,0.2714282584399892,0.24586792924905732,0.17318516630527991,0.1090484554571014,0.7170653449936668,0.09647485353049937,0.2721182136449099,8.742729358107199e-07,0.1561626783697394,5.099405901682063e-08,1.9812143719087553e-06,0.32034686964919434,0.3125,0.7433963586690924,0.8478817189434387,0.8564898282254632,0.8518774855149851,0.26666666666666666,0.6918009932473793,0.06759511808025628,0.9063336597102911,0.3737604024742237,0.3754536787258401,0.45667075614277075,0.5426367863085078,0.38763192236014576,0.39728676265711127,0.4711991473409679,0.5457413668627964,0.48499588421941886
100,0.5538589192543121,0.6116008206980835,0.6432651998286738,0.6045514644816599,0.5473436426224321,0.6138825897295179,0.635445975316542,0.5823174022457323,0.2763899912527261,1.856888643272439e-07,0.0435967302452316,0.0,0.09176682307812811,0.12439105792598903,0.09639901141935558,0.10307281479973462,0.10746563421868505,0.1301828681165551,0.14562854651348078,0.0708122783757501,0.8093592719141056,0.00179330479988916,1.0,3.4041625697389315e-08,0.021501407112284834,1.2731091332636728e-08,7.64585362920411e-07,1.0,0.07291666666666652,0.7064473947969474,0.79343426988452,0.6600670280445406,0.6305766512365496,0.06666666666666667,0.9999999999999999,0.007555298865421653,1.0,0.5538357065517399,0.6122137109770954,0.6434570118229974,0.6048492492644657,0.5481274144097404,0.6136270906659897,0.6359283895407549,0.5832812601602044,0.23304741640659976
102,0.5468704486562892,0.5332557682014465,0.5831029997068402,0.5972946734352971,0.5241445749832693,0.5139630647968955,0.5588681132345743,0.5588724871179016,0.3117418712044797,3.0240435976945296e-06,0.20163487738419625,0.16786570743405274,0.22005922343083784,0.22688271694770945,0.1858054619316154,0.1715649850606995,0.20219388833627372,0.24028006985020411,0.20892735255268446,0.1876002526633922,0.7328213465380524,0.050527382667649716,0.2725010703358662,1.560354337273129e-07,0.008021294077225512,1.2470069151040614e-07,1.312237742292166e-06,0.7646699868678868,0.15625,0.5915182459894491,0.7957374622296185,0.8071169034350962,0.8356478134596825,0.06666666666666667,0.49904522044207217,0.001008718036570615,0.9925423357001432,0.5482364354268905,0.533000419472191,0.5830889478423158,0.5971319631270362,0.5252979031316285,0.5153106167044543,0.5591878273566399,0.5585270628459209,0.3755596445048903
104,0.3522424799842033,0.40744846015377556,0.4630673221255234,0.5469099539330927,0.35681994324361976,0.3936899271226484,0.4373096272307263,0.5166733677375717,0.13291475538147246,0.000612114081437754,0.5177111716621254,0.4628297362110311,0.06608759684617915,0.0537408889154074,0.064997880825586,0.09342095060954181,0.0,0.022492858299011154,0.03685427409950548,0.04676513197360643,0.6111257742459291,0.09424263930596474,0.08298573224818993,1.4346762395115424e-05,0.019169750206028725,6.24391254436104e-06,9.637658753443972e-05,0.3866385790348222,0.22916666666666652,0.5572204256866238,0.9221492075635762,0.9070793869472897,0.9275821484674704,0.26666666666666666,0.5873207266430854,0.0008685044283357877,0.8840770724838132,0.35255694519974223,0.4084018740289149,0.4633775767326027,0.546925368889444,0.35876369781034445,0.3948298180204678,0.4376196005382912,0.5174769394857399,0.4327893178618204
105,0.5323531136107807,0.5344301062902438,0.5300733422984943,0.468799148288371,0.524663179245263,0.5054594811760176,0.5103357506867747,0.4095266951143893,0.22528358017727523,0.10212309843919752,0.8174386920980927,0.7458033573141484,0.18830695487207816,0.2274842638862653,0.010734666202575571,0.0,0.22240448911336586,0.23003341779021014,0.04269519340390593,0.00612436042515041,0.42247339687620755,0.03077983367018054,0.7660040786318196,0.01625596690872572,0.0045923443030510104,0.018366341346141325,0.028516640721154785,0.9658192216280957,0.08854166666666607,0.8858815281448083,0.7542938787098254,0.672693770977002,0.5857753390374958,0.6666666666666666,0.8609733727186973,0.015212914169641479,0.9961947095767393,0.5328155220830542,0.5354446590852445,0.5293365786785713,0.4693975184739516,0.5257590763693412,0.5056366816243723,0.5077754606777899,0.4102407587493617,0.36771698635609756
106,0.8200388766735819,0.8123618487700959,0.8090559097213409,0.826731991932736,0.8537018899251355,0.8437585585539442,0.8253465272177256,0.8288791107279179,0.3333656323705023,0.07566209405040163,0.8010899182561309,0.6966426858513187,0.2063690746606608,0.28953265170514175,0.20343515584254446,0.21047418534394846,0.19887601684202139,0.2565711412963525,0.19420104479050604,0.17678117385956105,0.48625330565981173,0.02991330896945346,0.043545652365900335,0.001955347646547099,0.03341427401660343,0.0005309262402254013,0.010297953452669312,0.5729277197797382,0.11458333333333304,0.6100835298838806,0.44692860398524603,0.5856945457210472,0.4113322110075077,0.4,0.6098826254061658,0.041259738718386785,0.9979946470713835,0.8201608419042046,0.8124843342691251,0.8090514056682738,0.8269132172466727,0.854035595167738,0.8442628711793745,0.8253807223219575,0.829122518136497,0.34896148982736563
107,0.39617152258614896,0.39095846630320297,0.4519603619971444,0.5545345003067941,0.3694957049300418,0.3776195320279906,0.4384444271063491,0.5452555189864925,0.11420197524933062,0.5244688281574715,0.9373297002724796,0.9772182254196642,0.06756208301420674,0.14001792849228378,0.06404155732372674,0.08564826786761826,0.12368669110737418,0.07719584757196207,0.08602450795842764,0.06702270303925983,0.40049574297273516,1.0,0.173331683556968,0.5654690738931105,0.019113576754167333,0.20388023841882852,0.4363277696675754,0.3854641069120401,0.17708333333333304,1.0,0.9155319487135127,0.900540195418694,0.8896175460711491,0.26666666666666666,0.25018696270257723,0.003581328861967375,0.7315271751406989,0.3960607894421668,0.39149720794815657,0.4523674516444023,0.5544977104399131,0.37158257889660085,0.37911387346959946,0.43912908051607624,0.544965158351777,0.9999999999999999
108,0.2160241335860562,0.25501250621066385,0.29813438227903777,0.4125798821279578,0.22847634882621826,0.26470219206074164,0.3008952723987529,0.3856747586316501,0.05038981321091818,4.741095819137167e-06,0.21525885558583113,0.16067146282973624,0.15560578368163824,0.2008186437142312,0.11252037316790098,0.1292079313610659,0.18465133171668047,0.21554659935830545,0.13685659756970137,0.12661823178667175,0.8118100130899877,0.007913620827624469,0.2850926200600977,2.0386877292446788e-07,0.005552549407762023,2.119723907448148e-07,2.3468799380643294e-06,0.7111609767206208,0.14583333333333348,0.5113966616666631,0.9469467612362239,0.9582290565226188,0.9429096863659896,0.0,0.6731811618236723,0.0030407297140004775,0.9821217985525308,0.21712283382445796,0.2556915300809096,0.29745839837842913,0.4125388840052897,0.230842275872141,0.2658371951673477,0.30192099466044486,0.38457238171774666,0.2472168908550747
109,0.3560450202821517,0.4119907545664371,0.5095599725685228,0.6449172016147551,0.37359996986695077,0.41712527289265655,0.49079853142962165,0.5952519628077336,0.1000816414661827,2.9387818184746287e-07,0.08174386920980924,0.10791366906474825,0.841539025329689,0.8914189603220737,0.6750792414327886,0.6104621956125216,0.8711840350934557,0.9196619373423136,0.612233393529305,0.6721067809190866,0.605276122714939,0.19817526708005664,0.41772983130923796,6.924301052180521e-08,0.0070848557284723295,6.2872760259135e-08,7.111029614570343e-07,0.7550437763587731,0.13541666666666652,0.7634123708164567,0.9288440784627161,0.9151460702121668,0.9150336440715927,0.26666666666666666,0.5115289230692428,0.004034513953205046,0.9395669509288973,0.356551292494952,0.41151359613441996,0.5092575554516092,0.6449849290538101,0.3738964288329628,0.4169139041479114,0.4906382903019356,0.595708249475267,0.5477740429167978
110,0.2570541316966166,0.23832729792286633,0.26915821759599146,0.29529951329706217,0.2762819053607316,0.25484364014623295,0.2679860855173296,0.2619427127716416,0.18709811285023736,1.782104707524054e-06,0.16621253405994557,0.14868105515587535,0.07440482506529911,0.09015088288289297,0.019699967803975094,0.012349400509963804,0.13006306397272027,0.10220278939490246,0.02657517172902213,0.016462703901724662,0.7685244557114648,0.037932689801243605,0.4582599370183604,1.0095668680714886e-07,0.02772578856237141,2.951107214670416e-08,9.653486843386807e-07,0.5949219270908807,0.3125,0.6312314360308017,0.8867289061606392,0.8792764474893691,0.9268248860625108,0.2,0.789161610199017,0.0031301202567122948,0.9507898594314304,0.2578613810524698,0.23883850112306626,0.2691496854443429,0.294600579506646,0.27854671475708814,0.2552884298530138,0.2701774743784777,0.2616163545513537,0.3591186507365042
111,0.9692082837004097,0.9757125301585482,0.9815845959003052,0.9723057118208698,0.9954355675044604,0.9956720404288748,0.9948372248591696,0.982758937741367,0.972044708395476,1.0875715963914144e-06,0.13896457765667572,0.13908872901678668,0.1994304417966113,0.22858763677847227,0.2801605344991742,0.2744131998516972,0.20523532822288004,0.3034200111248917,0.3186706899741547,0.2656714049387463,0.9469465991633137,0.02258604369278738,0.0047014753488267376,3.200377049777208e-09,0.018673284123031045,1.2006857250714862e-09,7.122428714878282e-07,0.004372415137549785,0.9166666666666665,0.14045854211897413,0.06867991307238297,0.028493780938857682,0.02491106597886006,0.0,0.0013917315884378139,0.00826914601670362,0.01376657752280045,0.9692242270703757,0.975713774182828,0.9815850893417217,0.9722841895806622,0.9954508182225567,0.9956752888123144,0.9948709758900435,0.9827787687933436,0.32244389624998704
112,0.35292314007202596,0.39246365773057146,0.45072415442828195,0.5185264293625842,0.3673480398296942,0.40834876690007516,0.44379619684561455,0.5028213961331314,0.6204097334919156,7.672969631902905e-08,0.02724795640326974,0.04076738609112707,0.10792480165421159,0.13402500475103052,0.2978517702734056,0.2744131998516972,0.13828898173948367,0.1365107256295035,0.31221555713173954,0.2656714049387463,0.9478327880893986,0.08071391008695739,0.2794438103577086,4.417188643447911e-09,0.03682783264368638,9.172780974705319e-10,5.240710637251714e-07,0.3538243667411595,0.75,0.41073781914427177,0.556289404914105,0.4898374547012807,0.6203929915774378,0.06666666666666667,0.4733748160600011,0.0012190377629654036,0.6752758522257828,0.35385750345971423,0.39334220055560276,0.45030646358985793,0.5186128541267605,0.37090914451468504,0.4101683735949482,0.44455145809833174,0.5040435522429185,0.4010713808054469
113,0.3841893590365216,0.42212719638642915,0.4592546128444496,0.5686050150989695,0.40433381229775,0.428648277071622,0.46425080686062414,0.5447325391157972,0.6810564939389634,7.21789497981181e-07,0.11852861035422338,0.13429256594724234,0.06699403630181155,0.07686652735742516,0.2734028796707002,0.2744131998516972,0.092682359015686,0.044917126327827184,0.28728365561354563,0.2656714049387463,0.9736616353629208,0.04288380805764087,0.2605099313061787,1.9106750892885623e-08,0.014655966178045435,1.0481197928275887e-08,6.123713599375753e-07,0.3252024453817446,0.817708333333333,0.3371599518103757,0.4976260452830932,0.4507952745938848,0.5789844110893982,0.06666666666666667,0.4576230779842628,0.0019018234461536973,0.6137546549850684,0.38495095238079224,0.4226016494823811,0.45893776916017326,0.568782716355559,0.4052087398454811,0.429208355934391,0.4646652664904499,0.544232570418631,0.35120131848148806
114,0.4718854335063273,0.4550074281508567,0.459024599146461,0.5232318924955849,0.4740448084461223,0.4467480733553496,0.4577934427647786,0.505580725379688,0.2390123682560903,3.317640854933252e-07,0.0871934604904632,0.08153477218225424,0.3561434826247898,0.3820619488503936,0.6615401088453639,0.5840730005263939,0.3684139365438499,0.3783292620896854,0.6379609867304343,0.574445544513086,0.6845700061901323,0.09223212202964987,0.05947078217519322,1.1743176121209559e-08,0.03635274948777787,2.7485898110922867e-09,0.0,0.23306699832336755,0.3229166666666665,0.5152780260326139,0.7921500978458731,0.8206703651578344,0.8166553591854906,0.2,0.6031237297173458,0.0009307699400429125,0.8223154252492587,0.4720192400820974,0.4558142606078074,0.4586001033470064,0.5230035120896901,0.47628396699903375,0.4468955380009717,0.4580209004312933,0.5065180316444124,0.42380362566704277
116,0.7964320670768759,0.7762187255411038,0.7389620121954101,0.7408499403585564,0.8257613608832786,0.7861369151490885,0.742184910241636,0.715412188545089,0.6260502142529081,1.6066827871570067e-07,0.05722070844686647,0.05995203836930463,0.007354282082187691,0.019170659170148152,0.2734028796707002,0.07843292937457669,0.03597172137462579,0.0,0.19473465799083556,0.2656714049387463,0.818299555877434,0.017219822321572265,0.04346078459941635,2.16233730358269e-09,0.009371255766981442,1.6644146802664268e-09,1.3840733483107663e-06,0.08442413354137183,0.5781249999999996,0.05097039167286077,0.35132306841301864,0.3833135082578423,0.31426906710229163,0.13333333333333336,0.2177412927276008,0.003397193310221068,0.30207429113356316,0.7963765478754838,0.7762111504469188,0.7386682748452185,0.7405768797715113,0.8261625470079713,0.7861417296297206,0.7427329854105894,0.715995503367397,0.1308194791190691
117,0.39753449048337053,0.2902231322248663,0.41195944862784695,0.5298628617498559,0.3640996221671615,0.18839496904365582,0.39485258725214767,0.501225248940989,0.44177980751445567,0.0,0.0,0.03597122302158273,0.0007976365266575414,0.009076551737827732,0.027824292809748963,0.06466012347665862,0.011151526558581981,0.015754705425526705,0.02045430938172821,0.02208549535675175,0.532596322944829,0.05479155928345368,0.2630521118504498,3.908759863932471e-09,0.023346510630211578,1.3463596507640553e-09,8.323218551998649e-07,0.3574192118625753,0.36458333333333304,0.4161296899592455,0.45142817285240966,0.5250785871505759,0.3852801654970839,0.5333333333333333,0.3385845145922567,0.008069718900357636,0.5653578775018436,0.39766723440884555,0.29002906287984087,0.4123158434501146,0.5299114508043559,0.3647130668542258,0.18772485277274664,0.3952025194315528,0.501866349870191,0.055307000521182675
118,0.9703356709563762,0.9885404991934449,0.9961524970877158,0.9838211125300053,0.9795147230410781,1.0,0.9969672608974386,0.9886569359359069,0.9885659918475822,1.6983477524401393e-07,0.053133514986376,0.08393285371702644,0.09712611953536099,0.12631481433596958,1.0,1.0000000000000002,0.1647327554211251,0.14075310146189945,1.0,1.0,0.9999999999999996,0.00317029807830384,0.004574972389018344,1.7649019499611475e-11,0.017456905041428997,0.0,6.486229913300723e-07,0.0,0.9895833333333335,0.0,0.03782181839639742,0.006957277625751601,0.022070779848647692,0.0,2.3639049904964054e-05,0.009420397940774356,0.004946010628611844,0.9703476209286874,0.9885384641458438,0.9961343616195042,0.9838039383316011,0.9795500393952715,0.9999999999999998,0.9969699315232591,0.9886478237581333,0.2617407849592458
119,0.46753605700208467,0.41304387407527154,0.41353566863271574,0.4323923077392632,0.4497918349627765,0.42249346469333116,0.4074143815596808,0.4057150397545053,0.4347283719828354,7.21789497981181e-07,0.11171662125340592,0.11270983213429261,0.15743438378500185,0.19519861558066776,0.1697574434557958,0.1629918046410188,0.1786725832000582,0.17369569421048903,0.13679570355692716,0.1242398767080588,0.9706121177705094,0.011547444938909116,0.2982300480185968,1.3437507479305777e-08,0.0005504008670604776,3.1966672417515224e-08,6.885566974136039e-07,0.41713324031299465,0.6041666666666665,0.34799241746451515,0.6290867307266663,0.6966524674875014,0.7860814525390323,0.0,0.697727216417174,0.0007574921696235027,0.8277682358179285,0.4680813049683509,0.4127080608652075,0.41315902805133553,0.43319185368055657,0.4522412291736513,0.4231039991106508,0.4065932798246815,0.4060673234177079,0.2782409543534026
